Question,Answer
Can an SVM use gradient descent to maximize its margin?," Gradient descent has several advantages over traditional deep learning, including avoiding overfitting, maximizing accuracy."
How to deal with the curse of dimensionality?," Dimensionality is a generalization problem, as it entails taking dimensions that are not consistent with the data dimensions."
Importance of bias-variance tradeoff in ML?," Bias-variance is often associated with generalization error, but not generalization error."
"What is the main contribution of the paper ""Tree-structured regional CNN-LSTM model for dimensional sentiment analysis"" by Wang et al.?"," This paper proposes unsupervised global neural networks designed to incorporate feature-driven model learning, enabling deep sentiment analysis."
Can KNN be used for regression tasks?," Logistic Regression models include supervised learning (M), supervised learning (S), and regression-based kernels for classification tasks."
What are some commonly used algorithms available in Scikit-Learn?," Some popular algorithms are Pandas, Starlette, XRM, KNN, RNN, GPTK, and BERT."
"Both Picture & Text are Static, while Audio & Video are Dynamic, so we need to firstly convert to Static Picture Equivalent to apply CNN ?"," Both Picture & Text models exhibit dynamic relationships, facilitating sharing of sound data and creating engaging multimedia experiences."
What is the main difference between a GRU and an LSTM?," A GRU consists of a linear kernel with a bounding box, leading to a self-attention mechanism."
what is the reason for making the sample again 100% by adding the replication ...instead of just using 67%," Using the sample again, we add samples from diverse regions of a dataset and make changes to the model to improve the accuracy of the outcome (i."
How would you evaluate a logistic regression model?, Logistic regression predicts only one-factors - errors.
What is the difference between Policy and Value function in Reinforcement Learning?," Policy involves ensuring that the reward is positive when used as goals in the past, and value involves ensuring the reward is negative when used in the future."
Define the learning rate in Deep Learning.," In deep learning, learning rate is the continuous learning rate (CEL), as long as the learning curve is relatively stable."
What are hard margin and soft margin SVMs?," Soft margin refers to the percentage of the variance in a line segment that is not filled in by the input to the segment, and hard margin, a measure of the margin between."
Can a Linear Classifier handle non-linearly separable data?," Linear Classifiers can handle non-linearly separable datasets, using Euclidean distance algorithms and dimensionality reduction."
is data normalization/scaling is applicable in speech recognition, Data normalization or scaling is applied to reduce or eliminate noise and improve signal independence in speech recognition models.
What is the main purpose of a Denoising Autoencoder (DAE)?," In a denoising autoencoder (DAE), a denoising autoencoder (DAE) retains the internal representations of the input sequence within a."
How does Feature Engineering impact Machine Learning (ML)?," As with other machine learning topics, Feature Engineering can be an important tool for improving ML models by incorporating features and improving their reliability and relevance to complex problems within the domain of machine."
how do I get future predicted levels for not just 1 year or say next 10 future years, You can use conditional independence to predict all future estimates using prediction intervals.
How are we connecting one hidden layer to another in the example shown?," In the example shown, the hidden layers in the ensemble are the same ones in the original dataset, providing a stable understanding of the ensemble structure."
What is deep transfer learning (DTL)?," Deep transfer learning (DTL) involves transforming a series of computations into new outputs, capturing and learning information without the need for individual neurons."
What are the types of features in CV," CV features are regularization techniques used to improve feature extraction, mitigating bias and improving model performance."
Is an autoencoder ideally symmetric? Will slow compression over many layers and abrupt expansion over a few layers lead to data loss?, An autoencoder may be preferred over compression over multiple layers for storage and robustness.
Determining the best algorithm for a dataset in ML?," While there are a few different types of algorithms that can be chosen for a dataset, there are a wide range of algorithms that can be chosen."
Does SVM also needs scaling," SVM can use any number of variables, creating its own internal scaling equation and applying it for a wide variety of cases, from classification tasks."
What is the advantage of using positional encoding in the Transformer architecture?," It allows the receiver to generate sequence of positional data automatically based on the inputs of the original input sequence, enabling its multi-task handling by the context-sensitive input."
"What is the key contribution of the paper ""Deep-Sentiment: Sentiment Analysis using Ensemble of CNN and Bi-LSTM Models"" by Minaee et al.?"," This crucial paper sets out to introduce the use of deep-sentiment-based sentiment analysis techniques in deep learning models, specifically for detecting patterns and addressing complex interactions in artificial neural."
What are Eigenvalues?," Eigenvectors are sequences of numbers arranged in a circular pattern encompassing points, values, and positions."
Do we have tools to annotate if we are building our own training data set?," Metrics like F1 Score, Sigmoid, Bias Score, etc."
what is DNN?," DNN stands for Deep Neural Network (CNN), also known as an artificial neural network."
What is uvicorn? Why should it be used with FastAPI?," uvapi has two main functions that handle GET, POST, and DELETE requests: GET and DELETE."
Can we say data mining is  kind of check(interpret and make sure what exactly we are going to do) before the machine takes any decision based on algorithms?," Yes, data mining can be considered pre-trained, pre-imaged, and indeed, a lot of the pre-training processes have impact on the machine learning algorithms used."
Explain Batch Gradient Descent., Gradient Descent involves adjusting the number of steps before a new iteration to prevent its occurrence.
Does GloVe provide vectors for all words?," GloVe provides vectors for all words in the English Language Analysis (LAGA), which helps develop robust models and enhance contextual understanding in semantic and analytical fields."
What’s the difference between a generative and discriminative model?, A generative model has generative features; discriminative features are not.
Different types of optimizers used in neural networks?," In neural networks, pruning techniques like normalization, pass filtering, and anomaly removal enable specific types of optimizers."
aren't we doing convolution to reduce the dimensionality?," Convolutional Neural Networks, on the other hand, do not directly parallelize across epochs."
How does deep learning relate to other areas of computer science?," Deep learning, also known as reinforcement learning, enhances supervised learning by enhancing the predictive power of model predictions."
How can both false positive and true positive approach 1? are they not mutually exclusive?," In the present study, false positive approaches 1 and false negative approaches 2 are mutually exclusive, with false positives (ignoring outliers) being observed jointly."
What is the main advantage of using Multi-Layer Perceptron (MLP) over other deep learning architectures?," Multi-Layer Perceptron (MLP) enhances model complexity while providing superior performance, efficiency, and versatility compared to other deep learning architectures."
which is better Word2Vec or GloVe?," GloVe is more reliable than Word2Vec for text verification because it uses word embeddings instead of single words, which can be beneficial for text validation."
How does the Transformer model account for the order of the words in the input sequence?, The model assumes that each word in the input sequence can occur one by one.
Explain Forward and Back Propagation in the context of deep learning.,"ü is a term used to refer to the neural network's ability to learn and process information during processing using backward recursion, a process in the training network to reconstruct information without."
Does Unsupervised Learning always apply to ‘grouping’/‘clustering’ ? Or is there anything else they apply to?," Unsupervised learning applies, but often in groups, clustering or grouping tasks involves individual neurons rather than individual neurons in a single neuron layer."
What is the main purpose of using attention mechanisms in deep learning frameworks?, Attention mechanisms work as a method to focus attention on individual regions in the network (e.
Differentiate between Statistical Modeling and Machine Learning?, Stochastic Gradient Descent (SGD): A statistical model is trained on the data (closest data points) at various intervals to perform well on smaller samples.
How does Deep Learning differ from Machine Learning, Deep Learning uses hidden layers to learn patterns from data.
"What is self-attention in a Transformer network, and how does it differ from other types of attention mechanisms?", Self-attention in a Transformer network consists of observing and reacting to external inputs in response to their presence or absence.
Does gamma close to 0 lead to overfitting or 1 lead to overfitting?," Gamma close to 0 prevents overfitting by averaging data, leading to overfitting."
could you please give the names of pre-trained other models here for sentiment analysis," ML models are generally known for being effective in sentiment analysis, being able to learn contextual representations without explicitly addressing the underlying contextQuestion2 : Elaborate on the various types of."
What is NLP? What are the various components of NLP?, NLP is a basic human-computer interaction model (hilto-action) model with a goal of improving the performance of human beings by providing tools for self-organ.
Deep learning is for only Classification problems?, Deep learning is not for learning classification problems.
"Name some techniques of overcoming challenges viz. Non-Convexity, Plateau, Vanishing and Exploding Gradients faced during the training of a deep neural network?"," To tackle non-convexity problems like vanishing gradients, vanishing gradients, vanishing gradients, exploding gradients, vanishing gradients, vanishing gradients, vanishing."
"what should be ideal/Max value for N-gram, increase in N-gram value may lead to sparsity problem "," In N-gram, the ideal value of the maximum value to maximize Sparsity (maximize N-gram fragments) would be (max(maxmaximizes 1,."
Give some applications of Siamese networks," Siamese networks can be used for text prediction, image recognition, and other tasks where input data is more direct and interpretable than input data."
What is API ?, API is a set of APIs used in the web framework.
"How does the Transformer architecture handle tasks that require modeling, both the sequence and the context, such as question answering?"," The Transformer architecture handles tasks like sequence processing, handling categorical forms (Question2 and Answer2), context awareness and task-specific representations in the context of Machine Learning operations."
What is Knowledge Distillation?, Knowledge Distillation is a method of extracting meaningful information from known data points to create an accurate representation of the data.
What is MFCC?," The term ""MLCC"" (ML-Catch Classification Interchange Error) is commonly used to refer to the rate-change rate at which the training data learns a sequence."
What’s the F1 score? How would you use it, F1 is considered a popular test metric because it refers to the sum of factors that contribute to a test's performance.
It seems sklearn.SVM with linear still indentifies the support vectors for a circular data distribitution - then why can’t it predict the decision boundary?," There are two reasons why linear and circular data distribibels the decision boundary, one in terms of the map of features to the closest separable data boundary."
What is the main issue that LSTM networks solve?," LSTM networks solve the problem of dealing with multiple input pairs, providing efficient multi-level representation for word embeddings."
Thoughts on fairness of ML algorithms debate?," Fairness, independence, generative power, precision, generative error, reliability."
How does the Transformer model select the words to translate?," The Transformer model honors both human and machine translation by selecting the words based on the context, using contextual cues to capture contextual information, and by refining its knowledge-processing."
"Suppose, if I have in channels= 3 and out channels = 16, then does it means 16 times filter will move across Image matrix do generate features.", No.
What is a Bidirectional LSTM?, Bidirectional LSTM is a method which splits the input signal into independent sub-images whose values are set in the neural network's output layer.
What are the different layers in ANN? What is the notation for representing a node of a particular layer?, The layer represented in the ANN structure is called a layer.
Can RGBa Images be considered as a 4D array?," Yes, 4D arrays are considered as a 4D array by the BERT criteria."
What is the primary advantage of bidirectional context modeling in models like BERT?," Unlike other deep learning models, BERT allows authors to focus on the most salient parts of their source sentence in separate contexts."
How does the bias-variance tradeoff relate to model overfitting?," In the bias-variance tradeoff, model overfitting is associated with a better prediction in a model, while overfitting predicts imporients for model input."
Aren't we doing convolution to reduce dimensionality?," Convolution techniques are widely employed for enhancing the performance of deep learning models, typically by increasing convolutional weights and improving the submitted pixel data's spatial resolution."
Please give an example of 4 dimensions., X1 : The dimension of 1 is the width of the square root of x.
What is the CART algorithm ?, The CART algorithm is a pre-trained neural network with specific preprocessing provided by a trained model trained on the input data.
How do AI-ML avatars enhance user experiences?," AI-ML avatars enhance user experiences by combining technology, contextual awareness, and collaborative knowledge to enhance user experience and enhance their autonomy."
How do we visualise these layers & filters? Do we simply treat weights as RGB pixel values? What if some numbers are beyond 0-255 range?, One way of visualising these layers and filters involves treating weights as pixels or RGB values.
What is convex optimization?," Convex optimization, often incorrectly referred to as convex propagation in machine learning, is a procedure in the optimization of a model's performance to eliminate the loss or unwanted features."
How would you define the number of clusters in a clustering algorithm?,  The number of clusters in a clustering algorithm is defined by multiplying the number of neighbors by the number of features in the entire dataset.
What are Exploding Gradients and Vanishing Gradients?," Exploding Gradients are a measure of the gradients in the learning rate, typically decreasing as the training progresses."
"What is Pragmatic Ambiguity in NLP? 
", Pragmatizing takes care of the ambiguity between the meaning of a sentence and the context in which it is used.
What is the key property of the Transformer architecture that allows for parallel execution of different paths in the encoder?, The key feature of the Transformer architecture allows for parallelization of the data in different stages of the output layer.
"What is Q-Learning, and how does it work?", Q-Learning is a supervised learning algorithm that trains neural networks in a supervised learning environment.
What is the main idea behind combining a sparse autoencoder with an SVM for network intrusion detection?, The idea behind combining a sparse autoencoder with an SVM for network intrusion detection is to combine the performance of a sparse autoencoder with a hyperparameter.
Explain the Next Sentence Prediction (NSP) task.," The Next Sentence Prediction (NSP) task involves the prediction of a sentence with respect to the sentence preceding it, through multiple iterations."
What is the main advantage of deep learning over traditional machine learning algorithms?," Deep learning outperforms traditional machine learning algorithms by leveraging computational resources, efficiency, and predictive power on complex data sets."
What are some real-world application areas where deep learning techniques are being used?," Deep learning techniques like deep learning techniques like discriminative linear regression, convolutional neural networks, and generative adversarial networks are common application areas for traditional machine learning approaches."
What is the output of the Image Decoder component in Stable Diffusion?," In Stable Diffusion, the output of the Image Decoder is produced by multiplying the output of the Stable Diffusion matrix by the input of the image generation process."
What is the ultimate goal of developing a faster-unsupervised training technique for each sub-network in a DBN?," FastUnsupervisedTraining provides a comprehensive set of techniques that can be utilized to analyze and learn from data in a DBN network, including convolutional, supervised, and."
can we apply Autoencoder on numerical dataset for dimensionality reduction," Autoencoders (as well as linearization techniques such as gradient descent) can be applied to numerical datasets for dimensionality reduction, allowing for a non-linear approach to."
Is there a difference between underfitting and overfitting?," Underfitting depends on the model; overfitting considers generalization of performance, while fit considers specific patterns."
How does K-Means clustering determine cluster centroids?," Leads to increased likelihood of clustering clusters, as the number of clusters in a dataset grows."
"can we have bigram, trigram or ngram implemented in a single sentence?"," No, bigram and trigram can handle complex sentences or words, which is fine if it's a regular word processing problem."
How to Tackle Overfitting and Underfitting?," In data manipulation, it is often preferred to analyze and test data with multiple imputation methods before imputation during training or in training."
Deep learning vs. machine learning?," Deep learning (DL) and machine learning (ML) differ in their preferred approaches for various tasks, impacting performance and efficiency in various tasks, including human and machine learning."
How does Filter work in Text? Because its no more numbers? Is text also considered as image and pixels are extracted?," All textual input has a specific size and shape, and Filter takes those parameters into account to optimize its output."
"What is the optimization method proposed in the paper ""An Optimization Method for Intrusion Detection Classification Model Based on Deep Belief Network"" by Wei et al.?"," The optimization method in the paper deals with handling errors and learning from them, effectively improving accuracy in imputation tasks."
Address the exploding gradient problem in backpropagation?," Gradient Boosting involves boosting or minimizing one's gradient by performing a transformation to reduce one's dependence on the original variable, often called a residual."
What is regularization and how does it work?," Regularization helps define and evaluate features in the data, guiding model selection, validation, decision making and performance."
"What is the focus of the research paper ""A Combined Deep CNN-LSTM Network for the Detection of Novel Coronavirus (COVID-19) Using X-Ray Images"" by Islam et al.?", The focus of the paper is the development of a combined deep CNN-LSTM network (CNN) for the detection of novel contaminating diseases and their target types by embed.
What is a Support Vector Machine (SVM) in Machine Learning?, A Support Vector Machine (SVM) is a flexible machine learning model with limited capability for complex data structures.
So Noise is different from Outliers?," Noise in a data set can be predicted using models trained on it, which include noise variables like color, proximity to noise, and size of the noise data, which can be."
is RNN doing backpropagation with the help of human?," In RNN (ReLU), pruning occurs by using the backward propagation function to return some convolutional weights to the model, minimizing its original values."
What is an activation function? What is the use of an activation function?, An activation function is a mathematical mathematical operation that assigns probabilities to the values of two independent variables.
"In K-fold, since we have K models, while deploying, can we deploy all K models & take median/mode prediction for future data points?"," In K-fold, the primary task of K-fold deployment is to learn the optimal k-fold function."
Do we have tools to annotate if we are building our own training data set?, No one toolologies are universally applicable to building model training datasets with very few trained samples.
What are the advantages of neural networks?," Neural Networks have the advantage of being able to learn complex hierarchical hierarchical representations, unlike typical machine learning, orGANs, which have limited ability to learn complex hierarchical representations compared to."
Preventing overfitting in ML models?," Overfitting is a class of problems that can happen randomly, affecting performance on tasks as diverse as image recognition and deep learning."
How does the decoding component in the Transformer model use the attention mechanism?," The attention mechanism in the Transformer model uses a preprocessing vector to update the attention vector as the input to the Transformer, which takes an input sequence and outputs it as."
Does SVM also need scaling?," Yes, SVM scales data in large enough batches to make it feasible for parallel algorithms to learn from input data, and it is possible to have parallel algorithms learn from both."
Suppose we have learned weights for 1 data row, We can't compute weights for all observations of a row.
What is the main purpose of deep learning techniques in the field of artificial intelligence?," Deep learning techniques leverage existing techniques and insights from deep learning models to improve intelligence, improve efficiency, and enhance quality of life."
How can we generate the representations from established/pretrained models for use of them in our classifiers? Do we have a process/pipeline we leverage?," Training platforms like Machine Learning (ML), PyTorch (PyTorch is a hyperparameter tuning tool), and Machine Learning models like PyTorch have been widely adopted."
"How would you make a sentiment classifier? 
"," A sentiment classifier is a deep learning (ML) classifier that can recognize hidden patterns in data, allowing it to distinguish similarities and differences between different categories."
How does Regularization apply to Linear Regression models?," In Linear Regression, regularization is applied to both continuous and categorical variables, affecting both prediction and prediction accuracy."
"Is it possible to train a neural network model by setting all biases to 0? Also, is it possible to train a neural network model by setting all of the weights to 0?"," To create a neural network model using all biases set in  the  training data, a bias reduction is added to the training data to remove as much of the data as possible."
Does ReLU help with non-linearity?," Yes, ReLU measures non-linearity and independence, and it does this by dividing the input by the output to account for changes in the data."
does the same hypothesis apply even when its unsupervised learning since there is no Y ?, Supervised learning applies even when it assumes regularizna with n exceptions like when it assumes the y-axes have no standard deviation on them.
Can we associate a particular kernel with a particular problem statement or domain?," NumPy can assign kernel to specific problems, aiding handling complex problems."
how to webscrap pages with password?," To scrape or extract passwords from webpages, one has to be a user, or password."
"If we don’t have the raw data, but only the bar charts or say line graphs, can we read those and form our data ?"," Yes, you can read and interpret text data, but only with the raw data."
"What is the purpose of the ""dropout"" technique used in CNNs?"," In CNNs, ""dropout"" refers to using a feature extraction algorithm to remove a random input from several independent layers of Breeze state machines."
"What is a Masked Language Model? 
"," A Masked Language Model is a system-level representation of a sentence, often called a syntactic structure, that incorporates other words, forming a unified sentence."
Identifying and dealing with outliers in data?," Univariate data are rare, but they form important components of regression models, especially for feature extraction."
Could you please talk about number of nodes in each hidden layer?," In neural networks, there are a few types of nodes, which belong to each subnet of the hidden network: nodes whose sum represents the number of features in each layer."
How do BERT's results on different NLP tasks compare to those of the best models that came before it?," BERT's performance on multiple tasks compares to that of a Best Answer model, offering performance advantages on a wide range of tasks."
How to decide if the data is linearly separable or not in the case of data with dimensions more than 3?, Linear separability or linearity depends on the problem and data characteristics of the dataset.
"What is the concept of ""discount factor"" in Reinforcement Learning?"," The idea behind ""discount factor"" is to help in learning reinforcement by penalizing the hidden values of a hidden feature, while retaining the reward function of the hidden feature."
" in simple terms, how is this feedback different from backpropagation?"," In backpropagation, the feedback can be set explicitly through a sequence of actions within an object, such as selecting a specific shape or placing a label on the relevant feature."
Importance of data preprocessing in machine learning?," Data preprocessing is crucial to improving model performance, efficiency and reducing misspellings, particularly in low-dimensional features."
What is a Perceptron?," A Perceptron is a type of information processing system in robotics that consists of several layers of layers of interconnected gates, sensors, and other components."
"Explain the concept of an ""exploration strategy"" in Reinforcement Learning."," In Reinforcement Learning, exploration strategies include tasks like solving complex problems in memory, capturing rewards, and expanding the network's reward network to include diverse perspectives and objectives."
How does Stable Diffusion work?, Stable Diffusion uses a diffusion process called compression between pixel layers to achieve a more stable image by utilizing diffusion between different regions of the input image.
What are some of the main ways to use Stable Diffusion?," Stable Diffusion allows us to directly compare the weights of a Convolutional Neural Network (CNN) to the weights of real-world images, enabling diverse visualization applications."
Different Types of Machine Learning algorithms?, A basic machine learning algorithm (MLA) is known as a model-action model (MSA) or autoencoder (AIM).
Which distance measure can best optimize within-cluster homogeneity & across-cluster heterogeneity?," Distance measuring between clusters is the best proxy for the overall homogeneity of a dataset, but it may require experimentation."
"Is Stride is always 1 or it can be 1 ,2 or any other number?"," Stride is always 1,2 or any other number or combination of those numbers."
What is a false positive?, A false positive represents a lack of knowledge or place in the data set where a person can't possibly have knowledge from.
Can we combine speech and video to understand the emotional quotient?," In speech, the emotional quotient is information about the meaning or significance of the words used, indicative of emotional content."
Why would you use the Kernel Trick?," The Kernel Trick assumes that any transformation in the kernel (a hyperplane) always occurs on a fixed spot, which means that the loss function becomes linear if we adjust the kernel."
Can the number of clusters change during the iteration?, The number of clusters changes during the training and iterative stages of a data segmentation analysis.
Advantages and disadvantages of decision trees?," Decision trees can be difficult to understand or visualize, affecting their accuracy and complexity."
Are there ethical considerations regarding AI-ML avatars?," No, ethical considerations regarding AI-ML avatars include ethical concerns, privacy, and the role of the AI in the design of the models."
What is the difference between Model-Free and Model-Based Reinforcement Learning?, Model-free models are supervised learning models where predictions are made based on the input data.
How does NLP process when one uses more than one language to express?," NLP processes both single and multiple languages in order to define, categorize, and categorize information."
Listing popular distribution curves and their algorithmic scenarios?," Supervised learning, Reinforcement Learning, Regression, & Cosine Trick commonly include popular model names like Gaussian Entropy, Linear Regression, and Tangent Regression."
What are some challenges in deploying machine learning models to production?," Deployment challenges include training models to handle unusual data, handling outliers, and challenging predictive models to accurately predict future outcomes."
"Do we have to keep updating the model periodically, based on new data?"," Data updates are usually carried out periodically if the model is getting better, since improvements occur when new data becomes available."
What are different types of Quantization that is used to save the storage space of many parameters of the network by compressing the weights., Different types of Quantization are commonly used to extract parameters from a big data setQuestion2 : What are some types of DVD that can be used to compress a large dataset for.
"What is the key idea behind the paper ""Knowledge reasoning with semantic data for real-time data processing in smart factory"" by Wang et al.?", Understanding the concept of knowledge reasoning with semantic data for real-time data processing in smart machine learning frameworks is an important concept that has gained growing attention due to its potential applications.
What are the different types of deep neural networks?," Deep neural networks are typically constructed using generative models, or classifiers, to construct neural networks with diverse classes of features, resulting in a robust and stable architecture that excels."
How does squeeze work?," By squeezing an input vector, the input vector is compressed onto a new vector of the same size as the input vector."
What is GPU?," GPU is a type of machine learning pipeline that supports high-dimensional data, efficiently performs calculations, and is used for parallel processing on GPUs compared to traditional ML systems."
What is the purpose of positional encoding in the Transformer architecture?, This encoding helps interpret the context of a sequence of input signals.
Name some pretrained architectures used for image classification," Robust image classification is often used for image classification tasks in Machine Learning, particularly when the dataset is large."
What is the goal of reinforcement learning?, It is to improve model performance and increase the overall accuracy of training algorithms.
"What is data augmentation? Can you give some examples?
"," Data augmentation involves augmentation techniques like autoencoders, vectors, or Gaussian kernels."
What are the three processing steps involved in deep learning workflow to solve real-world problems?," Sequential processing, preprocessing, finalization, and convergence tasks enable efficient model training, while parallel processing and batch processing handle significant batch sizes."
Briefly explain what the BERT model is., The BERT model is a self-attention mechanism for training and testing predictions based on self-attention mechanisms.
can a Convolution filter be a encoder," It can be a Convolution filter for both convolutional and multi-head language modeling, and it can be used for both linear and quadratic tasks."
Does having more Support Vectors impact the running time of the SVM algorithm?," The more support structures in the SVM algorithm, the more powerful the model will be."
"How is ""Top-5 Error %"" defined?"," The top-5 error percentage refers to the – In general, the error rate at which a prediction's accuracy is often incorrect, is commonly known as ""Top-5 Error."
What are the automated methods for Feature Engineering?, This article explains the automated methods for feature engineering.
How can cloud APIs facilitate collaborative machine learning projects?," Cloud APIs can be implemented for a collaborative project through machine learning techniques, leveraging the cloud."
What is deep learning?, Deep learning represents the match of two different domains with various applications.
Handling missing or corrupted values in a dataset?, Missing values in a dataset may occur due to the methods used or error codes used to extract them during the extraction process.
Can you give an example of a hybrid deep learning model that combines both generative and discriminative components?," Clarence Aronson has developed a hybrid deep learning model for both generative and discriminative tasks in his field, creating a hybrid model capable of handling both generative and discrim."
Is it possible to use KNN for image processing?," Yes, KNN is a powerful convolutional neural network, designed specifically for image processing tasks."
What is a voting model?, A voting model is a type of machine greenscale that is used to identify an optimal vote.
Different types of data preprocessing techniques?," Techniques like Gaussian occlusion/supervised learning, gradient boosting, dimensionality reduction, hyperparameter tuning, and other methods contribute to the development of new techniques in."
What is a diffusion model?, A diffusion model is a neural network that is used to model the  input sequence in a series to find the optimal output.
"What is model pruning, and how does it help in deploying models on resource-constrained devices?"," Pruning an AI model involves pruning the entire model array, which it then computes through a series of pruning iterations."
Why Do We Need the BLEU Score?, The BLEU Score measures the proportion of variance in a dataset.
"If we avoid padding, does it mean loss of information?"," Punctuation, or the removal of all single character or single line characters at a time, involves handling the input sequence in one word at a time."
batch vs SGD," Batch processing typically scores better on image quality, especially considering how much time it takes to process each image."
Clustering in supervising and classifying in Unsupervised learning," Unsupervised learning combines supervised learning, unsupervised learning, and regularization because the model learns from input features with respect to their classifiers."
Provide an example of a real-world application of computer vision in healthcare., Imagery of disease information and the functioning of systems is often used to illustrate healthcare systems.
Differentiate between Linear Regression and Support Vector Machines (SVMs)., Linear Regression is a linear regression-based approach that maximizes the variance of the results for a regression line.
What are some common types of Ensemble Methods?, Ensemble Methods have multiple methods involved in constructing a single array of representations.
Do we have to use visualization techniques such as t-SNE?," T-SNE, which offers deep learning-based techniques for image manipulation, has gone through extensive iterations, especially when dealing with images for classification and visualization reasons."
What is Deep Learning (DL)?\n," Deep Learning (DL) is a set of deep learning techniques, most commonly used in machine learning applications."
Do we always take +ve slope? I f so why we are taking only +ve slope," In linear regression, if the slope of the regression line is greater than 0 (i."
What is semi-supervised learning?, Mentioned in the paper by Kulkarni et al.
when every problem can be solved by neural networks. Then what is the significance of learning other machine learning algos.?, The importance of using machine learning for problem solving lies in enabling learning beyond human knowledge.
How does a GRU enable it to capture dependencies from large sequences of data?," One GRU learns over time from the previous input sequence, collecting information about the  dependencies of the previous input sequence and its dependencies."
How can we evaluate the predictions Object Detection model," To evaluate the predictions of a model, it must first verify that observations given the predictions match."
What is F1 score? How would you use it?, F1 scores are score thresholds used to determine the average score in a given machine learning context.
"Briefly explain the underlying architecture that serves as the foundation for recent language models like BERT, GPT, and T5."," BERT stands for Bilingual Programming Standard, an interdependent framework that integrates standard programming languages into a hypertextual model."
What is MNIST," MNIST is a simple linear regression equation, used to determine the minimum and maximum likelihood of predicting standard deviation."
Briefly discuss the text corpora that were used to pretrain BERT., BERT was pretrained using a vocabulary analysis toolkit called Riemann.
Which BERT process is more computationally expensive: pretraining or fine tuning?, BERT produces synthetic weights with reduced learning cost resulting in a more stable training environment.
why do we need to understand the features extracted by CNN? can't we just feed it into Random Forest and let the machine do its job? Why cant we do backpropagation including Random Forest?," A backpropagation feature can be extracted from CNN using backpropagation methods like ensemble regression, regression-wise, or convergence rule tuning, depending on how the feature."
do search engines also use web scraping?, Search engines use web scraping tools to scrape web pages for content.
is RNN doing backpropagation with the help of human?, Backpropagation by machine interprets the image as representing a continuous line.
What are the advantages of using actor-critic methods in Reinforcement Learning?, Ans.
Can Machine Learning models handle non-numeric data?," Yes, Machine Learning models can handle non-numeric data efficiently; however, it is recommended that numerical data be considered separate from numeric data to preventnlity in data interpretation."
How does Scikit-Learn facilitate model evaluation and validation?," Scikit-Learn offers tools such as pre-trained models, pre-trained models in machine learning applications, and self-learning tutorials for deploying and tuning pre-trained models."
Provide an example of a constraint in machine learning for a medical diagnosis application.," If a condition is associated with a classification problem, then the model may use non-classical methods to classify, with increased specificity when handling such situations."
How does Bagging differ from Boosting in Ensemble Methods?," While Bagging does not automatically convert the class from left to right, it does ensure that the transformers that minimize the class hierarchy are fully connected to the actual class during the."
in fully connected weight sharing is possible," In fully connected weights sharing, the underlying assumption for a decision is that the shared weights match the weights assigned by the connected network."
What is an RNN (recurrent neural network)?," An RNN is a recurrent neural network comprising a set of nodes, each node being connected to other nodes in the network by translating the input from one node to another in a."
"What are stop words? 
", stop words are words that are used to stop a word from repeatedly occurring in a sentence.
Linear regression is a method of finding the relationship between which variables?, Linear regression finds relationships between variables that can be found in a dataset only by considering the most important ones with a fixed-output distribution.
GD is the only way for backpropagation—or are there any variants that can replace GD for NN?, The only alternative to GD is to use either the Transformer (GD-1) or Neuromodal (GD-2) libraries.
Explaining how SVM deals with self-learning?, Self-learning involves removing unnecessary dependencies and learning new ones from data before and during training; it helps automate testing and validation.
"Discussing kernels in SVM, their popular types, and application scenarios?", NNs are general-purpose kernels used to represent the kernel of a data-vocabulary space as distinct from the kernel of the representation space.
How Biological neurons are similar to the Artificial neural network," Autoencoders (AEs) are neurons with different functions and dependencies, whereas Spatial Autoencoders (SAEs) have distinct functions and dependencies."
How are POS Tags learned?," POS Tags are learned through supervised learning, where a classifier learns from experience learned during training on a large dataset to identify the most commonly used language pronunciations in other languages."
when we convolve how do the weights get assigned in pytorch or keras," In Keras, weights are applied as a parameter to the convolutional layers of convolutional layers to determine the probability of getting a certain weight."
Explain the different types of activation functions.," Activation functions (lambda, square root, cosine polynomial, etc."
What is the role of a reward function in Reinforcement Learning?, A reward function (BERP) is a mathematical function that determines the probability of obtaining new values by increasing the reward function.
how do we know what functions are there inside (which we are differentiating) ?, Functions within a class like Recursive Regression are labeled with three underscores.
How does Scikit-Learn simplify the machine learning process?," Scikit-Learn introduces a set of internal APIs for creating, manipulating, and managing machine learning models."
Explain the trade-off between exploration and exploitation in Reinforcement Learning., Exploration involves exploring new features and potentially surpassing the capabilities of the available data.
What is a continuous deep belief network (DBN)?, A continuous deep belief network is a type of machine learning model and consists of interconnected neural networks that exhibit varying degrees of consistency and precision in task execution.
Can RGBa Images be considered as a 4D array?, The RGBa image format is referred to as a 4D array.
What is the CART algorithm ?, The technique of calculating the predicted output through the use of convolutional layers (CNNs) to model specific tasks in image classification is utilized by the CART algorithm to predict.
Is this Kernel transformation in SVM using Lagrange multipliers?," No, we used Bayes' L1-means approximation."
"What is the main idea of the paper ""Supervised Determined Source Separation with Multichannel Variational Autoencoder"" by Kameoka et al.?"," The paper introduces an approach to learn the source separation of source data through autoencoders, leveraging ensemble learning."
"For every epoch, do we start with taking random weights? Or do we take weights from the previous epoch?"," In Machine Learning, starting with random weights reduces the training time by reducing linearity."
"For every epoch, do we start with taking random weights ? Or do we take weights from previous epoch ?"," Random weights can be added, removed, or even repeated by preprocessing in parallel."
Is it possible to return multiple types of response from one endpoint using FastAPI?," In FastAPI, the return type is a list of unique sequences for each type of response, with varying weights."
What is the main difference between Decision Trees and Random Forests?, Decision Trees are designed for categorical outcomes; Random Forests are used for categorical outcomes; these trees are adapted for different types of regression.
What’s the difference between probability and likelihood?," A probability probability distribution can lead to an increase in accurate predictions, especially in situations where accuracy is low."
What technologies support the development of AI-ML avatars?, AI-ML avatars in the real world provide unique capabilities.
What's the main objective of this consonant classification?," The main objective of the consonant classification is to find the minimum value between consonant clusters, and determine the maximum value between consonant clusters for the consonant clusters."
Difference between multi-class and multi-label classification problems.," Multi-class classification problems have advantages over single-class classification problems because they use two classes of data, unlike multi-class classification, which has multiple classes."
Explain learning rate in the context of neural network models. What happens if the learning rate is too high or too low?," In neural networks, the learning rate is the rate at which the network learns new information."
What is the main benefit of using a Self-Organizing Map (SOM)?," The main benefit of using a Self-Organizing Maps (SOM) is that they help researchers locate and capture relationships within datasets, enabling them to more effectively assess and understand."
Why do we use a Pooling Layer in a CNN," In a CNN, every node within a pooling layer is considered a random variable and can only be used as a random variable by itself."
"What is the key idea behind K-sparse autoencoders, as proposed by Makhzani and Frey?"," The key idea of K-sparse autoencoders is to encode a pre-trained image as an input, allowing the model to incorporate diverse input data without compromising the."
"Identifying the ""lazy learner"" machine learning algorithm?"," The ""lazy learner"" machine learning algorithm is defined in part by the hyperparameter learning algorithm."
How is NMT trained? Do we use pairs of sentences with same meaning across many languages?, NMT employs an ensemble approach by rotating words at a fixed rate to capture context-sensitive patterns.
What is dense representation?, Diffusion density is the measure of the number of items in a stack (or layer).
What is the purpose of using generative modeling in deep learning?, Generative modeling helps in understanding complex patterns within neural networks (NE).
What is the name of the deep learning library developed by Facebook?," Facebook is known for its deep learning library, called Laplace."
In what industries are AI-ML avatars widely adopted?," Autonomous cars, health care, finance, and pharmaceuticals are some examples of businesses that are popularized by AI-ML avatars."
How do we choose different Kernel functions?," In the context of kernel functions, the choice needs to be based on features, performance concerns, and specific criteria, not on the kernel's specific nature."
How does NLP process when one uses more than one language to express ?, NLP processes in one language only for the input to be parsed.
"What is the main idea behind the paper ""Learning to represent spatial transformations with factored higher-order Boltzmann machines"" by Memisevic and Hinton?", The main idea behind the paper was to train a hyper-parameter-free model (parameters) for spatial transformations by multiplying the weights of the hyperparameter-free.
what is clamp, It's a technique that separates the output from encoder.
We have also seen the prediction for Time Series can be done by ARIMA and as well RNN — which is a better model ?, ARIMA (Automated Image Generative Adversarial) and ASNN combine the ability to capture temporal and spatial information and enables the performance of deep learning supervised tasks with.
